[
  {
    "frequency": 2,
    "overriddenMethods": [
      "Ljava/util/logging/StreamHandler.close()V",
      "Ljava/util/logging/StreamHandler.flush()V",
      "Ljava/util/logging/StreamHandler.publish(Ljava/util/logging/LogRecord;)V"
    ]
  },
  {
    "frequency": 2,
    "overriddenMethods": [
      "Ljava/util/logging/StreamHandler.publish(Ljava/util/logging/LogRecord;)V"
    ]
  },
  {
    "frequency": 1,
    "overriddenMethods": [
      "Ljava/util/logging/StreamHandler.close()V",
      "Ljava/util/logging/StreamHandler.publish(Ljava/util/logging/LogRecord;)V"
    ]
  }
]