[
  {
    "frequency": 1,
    "overriddenMethods": []
  },
  {
    "frequency": 2,
    "overriddenMethods": [
      "Ljavax/xml/stream/util/StreamReaderDelegate.getAttributeCount()I",
      "Ljavax/xml/stream/util/StreamReaderDelegate.getAttributeLocalName(I)Ljava/lang/String;",
      "Ljavax/xml/stream/util/StreamReaderDelegate.getAttributeName(I)Ljavax/xml/namespace/QName;",
      "Ljavax/xml/stream/util/StreamReaderDelegate.getAttributeNamespace(I)Ljava/lang/String;",
      "Ljavax/xml/stream/util/StreamReaderDelegate.getAttributePrefix(I)Ljava/lang/String;",
      "Ljavax/xml/stream/util/StreamReaderDelegate.getAttributeType(I)Ljava/lang/String;",
      "Ljavax/xml/stream/util/StreamReaderDelegate.getAttributeValue(I)Ljava/lang/String;",
      "Ljavax/xml/stream/util/StreamReaderDelegate.getAttributeValue(Ljava/lang/String;Ljava/lang/String;)Ljava/lang/String;",
      "Ljavax/xml/stream/util/StreamReaderDelegate.isAttributeSpecified(I)Z",
      "Ljavax/xml/stream/util/StreamReaderDelegate.next()I",
      "Ljavax/xml/stream/util/StreamReaderDelegate.nextTag()I"
    ]
  },
  {
    "frequency": 2,
    "overriddenMethods": [
      "Ljavax/xml/stream/util/StreamReaderDelegate.getElementText()Ljava/lang/String;",
      "Ljavax/xml/stream/util/StreamReaderDelegate.next()I"
    ]
  },
  {
    "frequency": 7,
    "overriddenMethods": [
      "Ljavax/xml/stream/util/StreamReaderDelegate.next()I"
    ]
  },
  {
    "frequency": 8,
    "overriddenMethods": [
      "Ljavax/xml/stream/util/StreamReaderDelegate.getProperty(Ljava/lang/String;)Ljava/lang/Object;",
      "Ljavax/xml/stream/util/StreamReaderDelegate.next()I"
    ]
  },
  {
    "frequency": 8,
    "overriddenMethods": [
      "Ljavax/xml/stream/util/StreamReaderDelegate.getEventType()I",
      "Ljavax/xml/stream/util/StreamReaderDelegate.getText()Ljava/lang/String;",
      "Ljavax/xml/stream/util/StreamReaderDelegate.getTextCharacters()[C",
      "Ljavax/xml/stream/util/StreamReaderDelegate.getTextCharacters(I[CII)I",
      "Ljavax/xml/stream/util/StreamReaderDelegate.getTextLength()I",
      "Ljavax/xml/stream/util/StreamReaderDelegate.getTextStart()I",
      "Ljavax/xml/stream/util/StreamReaderDelegate.hasText()Z",
      "Ljavax/xml/stream/util/StreamReaderDelegate.isWhiteSpace()Z",
      "Ljavax/xml/stream/util/StreamReaderDelegate.next()I"
    ]
  },
  {
    "frequency": 1,
    "overriddenMethods": [
      "Ljavax/xml/stream/util/StreamReaderDelegate.getAttributeNamespace(I)Ljava/lang/String;",
      "Ljavax/xml/stream/util/StreamReaderDelegate.getNamespaceContext()Ljavax/xml/namespace/NamespaceContext;",
      "Ljavax/xml/stream/util/StreamReaderDelegate.getNamespaceURI()Ljava/lang/String;",
      "Ljavax/xml/stream/util/StreamReaderDelegate.getNamespaceURI(I)Ljava/lang/String;",
      "Ljavax/xml/stream/util/StreamReaderDelegate.getNamespaceURI(Ljava/lang/String;)Ljava/lang/String;",
      "Ljavax/xml/stream/util/StreamReaderDelegate.require(ILjava/lang/String;Ljava/lang/String;)V"
    ]
  },
  {
    "frequency": 1,
    "overriddenMethods": [
      "Ljavax/xml/stream/util/StreamReaderDelegate.getAttributeCount()I",
      "Ljavax/xml/stream/util/StreamReaderDelegate.getAttributeLocalName(I)Ljava/lang/String;",
      "Ljavax/xml/stream/util/StreamReaderDelegate.getAttributeName(I)Ljavax/xml/namespace/QName;",
      "Ljavax/xml/stream/util/StreamReaderDelegate.getAttributeNamespace(I)Ljava/lang/String;",
      "Ljavax/xml/stream/util/StreamReaderDelegate.getAttributePrefix(I)Ljava/lang/String;",
      "Ljavax/xml/stream/util/StreamReaderDelegate.getAttributeType(I)Ljava/lang/String;",
      "Ljavax/xml/stream/util/StreamReaderDelegate.getAttributeValue(I)Ljava/lang/String;",
      "Ljavax/xml/stream/util/StreamReaderDelegate.getAttributeValue(Ljava/lang/String;Ljava/lang/String;)Ljava/lang/String;",
      "Ljavax/xml/stream/util/StreamReaderDelegate.next()I"
    ]
  },
  {
    "frequency": 2,
    "overriddenMethods": [
      "Ljavax/xml/stream/util/StreamReaderDelegate.getName()Ljavax/xml/namespace/QName;",
      "Ljavax/xml/stream/util/StreamReaderDelegate.getNamespaceContext()Ljavax/xml/namespace/NamespaceContext;",
      "Ljavax/xml/stream/util/StreamReaderDelegate.getNamespaceURI()Ljava/lang/String;",
      "Ljavax/xml/stream/util/StreamReaderDelegate.getNamespaceURI(I)Ljava/lang/String;",
      "Ljavax/xml/stream/util/StreamReaderDelegate.getNamespaceURI(Ljava/lang/String;)Ljava/lang/String;"
    ]
  },
  {
    "frequency": 1,
    "overriddenMethods": [
      "Ljavax/xml/stream/util/StreamReaderDelegate.getElementText()Ljava/lang/String;",
      "Ljavax/xml/stream/util/StreamReaderDelegate.getPIData()Ljava/lang/String;",
      "Ljavax/xml/stream/util/StreamReaderDelegate.getText()Ljava/lang/String;",
      "Ljavax/xml/stream/util/StreamReaderDelegate.getTextCharacters()[C",
      "Ljavax/xml/stream/util/StreamReaderDelegate.getTextCharacters(I[CII)I",
      "Ljavax/xml/stream/util/StreamReaderDelegate.getTextLength()I",
      "Ljavax/xml/stream/util/StreamReaderDelegate.getTextStart()I",
      "Ljavax/xml/stream/util/StreamReaderDelegate.hasNext()Z",
      "Ljavax/xml/stream/util/StreamReaderDelegate.next()I",
      "Ljavax/xml/stream/util/StreamReaderDelegate.nextTag()I"
    ]
  },
  {
    "frequency": 1,
    "overriddenMethods": [
      "Ljavax/xml/stream/util/StreamReaderDelegate.getAttributeValue(I)Ljava/lang/String;",
      "Ljavax/xml/stream/util/StreamReaderDelegate.getAttributeValue(Ljava/lang/String;Ljava/lang/String;)Ljava/lang/String;",
      "Ljavax/xml/stream/util/StreamReaderDelegate.getElementText()Ljava/lang/String;",
      "Ljavax/xml/stream/util/StreamReaderDelegate.getLocalName()Ljava/lang/String;",
      "Ljavax/xml/stream/util/StreamReaderDelegate.getText()Ljava/lang/String;",
      "Ljavax/xml/stream/util/StreamReaderDelegate.getTextCharacters()[C",
      "Ljavax/xml/stream/util/StreamReaderDelegate.getTextCharacters(I[CII)I",
      "Ljavax/xml/stream/util/StreamReaderDelegate.getTextLength()I",
      "Ljavax/xml/stream/util/StreamReaderDelegate.next()I",
      "Ljavax/xml/stream/util/StreamReaderDelegate.nextTag()I"
    ]
  },
  {
    "frequency": 2,
    "overriddenMethods": [
      "Ljavax/xml/stream/util/StreamReaderDelegate.setParent(Ljavax/xml/stream/XMLStreamReader;)V"
    ]
  }
]