[
  {
    "frequency": 6,
    "overriddenMethods": []
  },
  {
    "frequency": 3,
    "overriddenMethods": [
      "Ljava/lang/Object.equals(Ljava/lang/Object;)Z",
      "Ljava/util/zip/ZipEntry.clone()Ljava/lang/Object;",
      "Ljava/util/zip/ZipEntry.getMethod()I",
      "Ljava/util/zip/ZipEntry.getName()Ljava/lang/String;",
      "Ljava/util/zip/ZipEntry.getSize()J",
      "Ljava/util/zip/ZipEntry.hashCode()I",
      "Ljava/util/zip/ZipEntry.isDirectory()Z",
      "Ljava/util/zip/ZipEntry.setExtra([B)V",
      "Ljava/util/zip/ZipEntry.setMethod(I)V",
      "Ljava/util/zip/ZipEntry.setSize(J)V"
    ]
  },
  {
    "frequency": 1,
    "overriddenMethods": [
      "Ljava/util/zip/ZipEntry.clone()Ljava/lang/Object;",
      "Ljava/util/zip/ZipEntry.getCompressedSize()J",
      "Ljava/util/zip/ZipEntry.getName()Ljava/lang/String;",
      "Ljava/util/zip/ZipEntry.isDirectory()Z",
      "Ljava/util/zip/ZipEntry.setExtra([B)V"
    ]
  },
  {
    "frequency": 7,
    "overriddenMethods": [
      "Ljava/lang/Object.equals(Ljava/lang/Object;)Z",
      "Ljava/util/zip/ZipEntry.clone()Ljava/lang/Object;",
      "Ljava/util/zip/ZipEntry.getName()Ljava/lang/String;",
      "Ljava/util/zip/ZipEntry.hashCode()I",
      "Ljava/util/zip/ZipEntry.isDirectory()Z",
      "Ljava/util/zip/ZipEntry.setExtra([B)V"
    ]
  }
]