[
  {
    "frequency": 10,
    "overriddenMethods": [
      "Ljava/net/ServerSocket.accept()Ljava/net/Socket;",
      "Ljava/net/ServerSocket.bind(Ljava/net/SocketAddress;)V",
      "Ljava/net/ServerSocket.bind(Ljava/net/SocketAddress;I)V",
      "Ljava/net/ServerSocket.close()V",
      "Ljava/net/ServerSocket.getChannel()Ljava/nio/channels/ServerSocketChannel;",
      "Ljava/net/ServerSocket.getInetAddress()Ljava/net/InetAddress;",
      "Ljava/net/ServerSocket.getLocalPort()I",
      "Ljava/net/ServerSocket.getLocalSocketAddress()Ljava/net/SocketAddress;",
      "Ljava/net/ServerSocket.getReceiveBufferSize()I",
      "Ljava/net/ServerSocket.getReuseAddress()Z",
      "Ljava/net/ServerSocket.getSoTimeout()I",
      "Ljava/net/ServerSocket.isBound()Z",
      "Ljava/net/ServerSocket.isClosed()Z",
      "Ljava/net/ServerSocket.setReceiveBufferSize(I)V",
      "Ljava/net/ServerSocket.setReuseAddress(Z)V",
      "Ljava/net/ServerSocket.setSoTimeout(I)V",
      "Ljava/net/ServerSocket.toString()Ljava/lang/String;"
    ]
  },
  {
    "frequency": 1,
    "overriddenMethods": []
  },
  {
    "frequency": 2,
    "overriddenMethods": [
      "Ljava/net/ServerSocket.close()V"
    ]
  },
  {
    "frequency": 5,
    "overriddenMethods": [
      "Ljava/lang/Object.equals(Ljava/lang/Object;)Z",
      "Ljava/lang/Object.hashCode()I",
      "Ljava/net/ServerSocket.accept()Ljava/net/Socket;",
      "Ljava/net/ServerSocket.bind(Ljava/net/SocketAddress;)V",
      "Ljava/net/ServerSocket.bind(Ljava/net/SocketAddress;I)V",
      "Ljava/net/ServerSocket.close()V",
      "Ljava/net/ServerSocket.getChannel()Ljava/nio/channels/ServerSocketChannel;",
      "Ljava/net/ServerSocket.getInetAddress()Ljava/net/InetAddress;",
      "Ljava/net/ServerSocket.getLocalPort()I",
      "Ljava/net/ServerSocket.getLocalSocketAddress()Ljava/net/SocketAddress;",
      "Ljava/net/ServerSocket.getReceiveBufferSize()I",
      "Ljava/net/ServerSocket.getReuseAddress()Z",
      "Ljava/net/ServerSocket.getSoTimeout()I",
      "Ljava/net/ServerSocket.isBound()Z",
      "Ljava/net/ServerSocket.isClosed()Z",
      "Ljava/net/ServerSocket.setReceiveBufferSize(I)V",
      "Ljava/net/ServerSocket.setReuseAddress(Z)V",
      "Ljava/net/ServerSocket.setSoTimeout(I)V",
      "Ljava/net/ServerSocket.toString()Ljava/lang/String;"
    ]
  },
  {
    "frequency": 1,
    "overriddenMethods": [
      "Ljava/net/ServerSocket.accept()Ljava/net/Socket;",
      "Ljava/net/ServerSocket.close()V",
      "Ljava/net/ServerSocket.setSoTimeout(I)V"
    ]
  },
  {
    "frequency": 6,
    "overriddenMethods": [
      "Ljava/net/ServerSocket.accept()Ljava/net/Socket;"
    ]
  }
]