[
  {
    "frequency": 1,
    "overriddenMethods": [
      "Ljava/net/URLConnection.connect()V",
      "Ljava/net/URLConnection.getContentType()Ljava/lang/String;",
      "Ljava/net/URLConnection.getExpiration()J",
      "Ljava/net/URLConnection.getInputStream()Ljava/io/InputStream;",
      "Ljava/net/URLConnection.toString()Ljava/lang/String;"
    ]
  },
  {
    "frequency": 7,
    "overriddenMethods": [
      "Ljava/net/URLConnection.connect()V",
      "Ljava/net/URLConnection.getContentLength()I",
      "Ljava/net/URLConnection.getContentType()Ljava/lang/String;",
      "Ljava/net/URLConnection.getDoInput()Z",
      "Ljava/net/URLConnection.getDoOutput()Z",
      "Ljava/net/URLConnection.getInputStream()Ljava/io/InputStream;",
      "Ljava/net/URLConnection.getLastModified()J"
    ]
  },
  {
    "frequency": 1,
    "overriddenMethods": [
      "Ljava/lang/Object.equals(Ljava/lang/Object;)Z",
      "Ljava/net/URLConnection.addRequestProperty(Ljava/lang/String;Ljava/lang/String;)V",
      "Ljava/net/URLConnection.connect()V",
      "Ljava/net/URLConnection.getAllowUserInteraction()Z",
      "Ljava/net/URLConnection.getConnectTimeout()I",
      "Ljava/net/URLConnection.getContent()Ljava/lang/Object;",
      "Ljava/net/URLConnection.getContent([Ljava/lang/Class;)Ljava/lang/Object;",
      "Ljava/net/URLConnection.getContentEncoding()Ljava/lang/String;",
      "Ljava/net/URLConnection.getContentLength()I",
      "Ljava/net/URLConnection.getContentType()Ljava/lang/String;",
      "Ljava/net/URLConnection.getDate()J",
      "Ljava/net/URLConnection.getDefaultUseCaches()Z",
      "Ljava/net/URLConnection.getDoInput()Z",
      "Ljava/net/URLConnection.getDoOutput()Z",
      "Ljava/net/URLConnection.getExpiration()J",
      "Ljava/net/URLConnection.getHeaderField(I)Ljava/lang/String;",
      "Ljava/net/URLConnection.getHeaderField(Ljava/lang/String;)Ljava/lang/String;",
      "Ljava/net/URLConnection.getHeaderFieldDate(Ljava/lang/String;J)J",
      "Ljava/net/URLConnection.getHeaderFieldInt(Ljava/lang/String;I)I",
      "Ljava/net/URLConnection.getHeaderFieldKey(I)Ljava/lang/String;",
      "Ljava/net/URLConnection.getHeaderFields()Ljava/util/Map;",
      "Ljava/net/URLConnection.getIfModifiedSince()J",
      "Ljava/net/URLConnection.getInputStream()Ljava/io/InputStream;",
      "Ljava/net/URLConnection.getLastModified()J",
      "Ljava/net/URLConnection.getOutputStream()Ljava/io/OutputStream;",
      "Ljava/net/URLConnection.getPermission()Ljava/security/Permission;",
      "Ljava/net/URLConnection.getReadTimeout()I",
      "Ljava/net/URLConnection.getRequestProperties()Ljava/util/Map;",
      "Ljava/net/URLConnection.getRequestProperty(Ljava/lang/String;)Ljava/lang/String;",
      "Ljava/net/URLConnection.getURL()Ljava/net/URL;",
      "Ljava/net/URLConnection.getUseCaches()Z",
      "Ljava/net/URLConnection.setAllowUserInteraction(Z)V",
      "Ljava/net/URLConnection.setConnectTimeout(I)V",
      "Ljava/net/URLConnection.setDefaultUseCaches(Z)V",
      "Ljava/net/URLConnection.setDoInput(Z)V",
      "Ljava/net/URLConnection.setDoOutput(Z)V",
      "Ljava/net/URLConnection.setIfModifiedSince(J)V",
      "Ljava/net/URLConnection.setReadTimeout(I)V",
      "Ljava/net/URLConnection.setRequestProperty(Ljava/lang/String;Ljava/lang/String;)V",
      "Ljava/net/URLConnection.setUseCaches(Z)V"
    ]
  },
  {
    "frequency": 5,
    "overriddenMethods": [
      "Ljava/net/URLConnection.connect()V",
      "Ljava/net/URLConnection.getInputStream()Ljava/io/InputStream;",
      "Ljava/net/URLConnection.getOutputStream()Ljava/io/OutputStream;"
    ]
  },
  {
    "frequency": 2,
    "overriddenMethods": [
      "Ljava/net/URLConnection.connect()V",
      "Ljava/net/URLConnection.getContent()Ljava/lang/Object;",
      "Ljava/net/URLConnection.getContent([Ljava/lang/Class;)Ljava/lang/Object;",
      "Ljava/net/URLConnection.getContentLength()I",
      "Ljava/net/URLConnection.getContentType()Ljava/lang/String;",
      "Ljava/net/URLConnection.getDate()J",
      "Ljava/net/URLConnection.getHeaderField(Ljava/lang/String;)Ljava/lang/String;",
      "Ljava/net/URLConnection.getInputStream()Ljava/io/InputStream;",
      "Ljava/net/URLConnection.getLastModified()J",
      "Ljava/net/URLConnection.getPermission()Ljava/security/Permission;"
    ]
  },
  {
    "frequency": 1,
    "overriddenMethods": [
      "Ljava/net/URLConnection.connect()V",
      "Ljava/net/URLConnection.getContentLength()I",
      "Ljava/net/URLConnection.getContentType()Ljava/lang/String;",
      "Ljava/net/URLConnection.getInputStream()Ljava/io/InputStream;",
      "Ljava/net/URLConnection.getLastModified()J",
      "Ljava/net/URLConnection.getPermission()Ljava/security/Permission;"
    ]
  },
  {
    "frequency": 40,
    "overriddenMethods": [
      "Ljava/net/URLConnection.connect()V",
      "Ljava/net/URLConnection.getInputStream()Ljava/io/InputStream;"
    ]
  },
  {
    "frequency": 1,
    "overriddenMethods": [
      "Ljava/lang/Object.equals(Ljava/lang/Object;)Z",
      "Ljava/net/URLConnection.connect()V"
    ]
  },
  {
    "frequency": 1,
    "overriddenMethods": [
      "Ljava/net/URLConnection.connect()V",
      "Ljava/net/URLConnection.getInputStream()Ljava/io/InputStream;",
      "Ljava/net/URLConnection.getURL()Ljava/net/URL;"
    ]
  },
  {
    "frequency": 4,
    "overriddenMethods": [
      "Ljava/net/URLConnection.connect()V",
      "Ljava/net/URLConnection.getHeaderField(Ljava/lang/String;)Ljava/lang/String;",
      "Ljava/net/URLConnection.getInputStream()Ljava/io/InputStream;",
      "Ljava/net/URLConnection.getLastModified()J",
      "Ljava/net/URLConnection.getOutputStream()Ljava/io/OutputStream;",
      "Ljava/net/URLConnection.getPermission()Ljava/security/Permission;"
    ]
  },
  {
    "frequency": 1,
    "overriddenMethods": [
      "Ljava/net/URLConnection.connect()V",
      "Ljava/net/URLConnection.getContentEncoding()Ljava/lang/String;",
      "Ljava/net/URLConnection.getContentLength()I",
      "Ljava/net/URLConnection.getContentType()Ljava/lang/String;",
      "Ljava/net/URLConnection.getInputStream()Ljava/io/InputStream;",
      "Ljava/net/URLConnection.getLastModified()J",
      "Ljava/net/URLConnection.getOutputStream()Ljava/io/OutputStream;"
    ]
  },
  {
    "frequency": 2,
    "overriddenMethods": [
      "Ljava/net/URLConnection.connect()V",
      "Ljava/net/URLConnection.getContent()Ljava/lang/Object;",
      "Ljava/net/URLConnection.getContent([Ljava/lang/Class;)Ljava/lang/Object;",
      "Ljava/net/URLConnection.getContentLength()I",
      "Ljava/net/URLConnection.getContentType()Ljava/lang/String;",
      "Ljava/net/URLConnection.getDate()J",
      "Ljava/net/URLConnection.getHeaderField(Ljava/lang/String;)Ljava/lang/String;",
      "Ljava/net/URLConnection.getHeaderFields()Ljava/util/Map;",
      "Ljava/net/URLConnection.getInputStream()Ljava/io/InputStream;",
      "Ljava/net/URLConnection.getLastModified()J",
      "Ljava/net/URLConnection.getPermission()Ljava/security/Permission;"
    ]
  },
  {
    "frequency": 1,
    "overriddenMethods": [
      "Ljava/net/URLConnection.connect()V",
      "Ljava/net/URLConnection.getContentLength()I",
      "Ljava/net/URLConnection.getContentType()Ljava/lang/String;",
      "Ljava/net/URLConnection.getInputStream()Ljava/io/InputStream;"
    ]
  },
  {
    "frequency": 1,
    "overriddenMethods": [
      "Ljava/net/URLConnection.connect()V",
      "Ljava/net/URLConnection.getContentEncoding()Ljava/lang/String;",
      "Ljava/net/URLConnection.getContentLength()I",
      "Ljava/net/URLConnection.getContentType()Ljava/lang/String;",
      "Ljava/net/URLConnection.getDoInput()Z",
      "Ljava/net/URLConnection.getDoOutput()Z",
      "Ljava/net/URLConnection.getInputStream()Ljava/io/InputStream;"
    ]
  },
  {
    "frequency": 1,
    "overriddenMethods": [
      "Ljava/net/URLConnection.connect()V",
      "Ljava/net/URLConnection.getContentLength()I",
      "Ljava/net/URLConnection.getContentType()Ljava/lang/String;",
      "Ljava/net/URLConnection.getHeaderField(Ljava/lang/String;)Ljava/lang/String;",
      "Ljava/net/URLConnection.getInputStream()Ljava/io/InputStream;",
      "Ljava/net/URLConnection.getLastModified()J"
    ]
  },
  {
    "frequency": 7,
    "overriddenMethods": [
      "Ljava/net/URLConnection.connect()V",
      "Ljava/net/URLConnection.getDoInput()Z",
      "Ljava/net/URLConnection.getDoOutput()Z",
      "Ljava/net/URLConnection.getInputStream()Ljava/io/InputStream;"
    ]
  },
  {
    "frequency": 4,
    "overriddenMethods": [
      "Ljava/net/URLConnection.connect()V",
      "Ljava/net/URLConnection.getAllowUserInteraction()Z",
      "Ljava/net/URLConnection.getContent()Ljava/lang/Object;",
      "Ljava/net/URLConnection.getContent([Ljava/lang/Class;)Ljava/lang/Object;",
      "Ljava/net/URLConnection.getContentEncoding()Ljava/lang/String;",
      "Ljava/net/URLConnection.getContentLength()I",
      "Ljava/net/URLConnection.getContentType()Ljava/lang/String;",
      "Ljava/net/URLConnection.getDate()J",
      "Ljava/net/URLConnection.getDefaultUseCaches()Z",
      "Ljava/net/URLConnection.getDoInput()Z",
      "Ljava/net/URLConnection.getDoOutput()Z",
      "Ljava/net/URLConnection.getExpiration()J",
      "Ljava/net/URLConnection.getHeaderField(I)Ljava/lang/String;",
      "Ljava/net/URLConnection.getHeaderField(Ljava/lang/String;)Ljava/lang/String;",
      "Ljava/net/URLConnection.getHeaderFieldDate(Ljava/lang/String;J)J",
      "Ljava/net/URLConnection.getHeaderFieldInt(Ljava/lang/String;I)I",
      "Ljava/net/URLConnection.getHeaderFieldKey(I)Ljava/lang/String;",
      "Ljava/net/URLConnection.getIfModifiedSince()J",
      "Ljava/net/URLConnection.getInputStream()Ljava/io/InputStream;",
      "Ljava/net/URLConnection.getLastModified()J",
      "Ljava/net/URLConnection.getOutputStream()Ljava/io/OutputStream;",
      "Ljava/net/URLConnection.getPermission()Ljava/security/Permission;",
      "Ljava/net/URLConnection.getRequestProperty(Ljava/lang/String;)Ljava/lang/String;",
      "Ljava/net/URLConnection.getURL()Ljava/net/URL;",
      "Ljava/net/URLConnection.getUseCaches()Z",
      "Ljava/net/URLConnection.setAllowUserInteraction(Z)V",
      "Ljava/net/URLConnection.setDefaultUseCaches(Z)V",
      "Ljava/net/URLConnection.setDoInput(Z)V",
      "Ljava/net/URLConnection.setDoOutput(Z)V",
      "Ljava/net/URLConnection.setIfModifiedSince(J)V",
      "Ljava/net/URLConnection.setRequestProperty(Ljava/lang/String;Ljava/lang/String;)V",
      "Ljava/net/URLConnection.setUseCaches(Z)V",
      "Ljava/net/URLConnection.toString()Ljava/lang/String;"
    ]
  },
  {
    "frequency": 13,
    "overriddenMethods": [
      "Ljava/net/URLConnection.connect()V"
    ]
  },
  {
    "frequency": 3,
    "overriddenMethods": [
      "Ljava/net/URLConnection.connect()V",
      "Ljava/net/URLConnection.getContentLength()I",
      "Ljava/net/URLConnection.getInputStream()Ljava/io/InputStream;"
    ]
  },
  {
    "frequency": 1,
    "overriddenMethods": [
      "Ljava/net/URLConnection.connect()V",
      "Ljava/net/URLConnection.getContentEncoding()Ljava/lang/String;",
      "Ljava/net/URLConnection.getContentLength()I",
      "Ljava/net/URLConnection.getContentType()Ljava/lang/String;",
      "Ljava/net/URLConnection.getHeaderField(Ljava/lang/String;)Ljava/lang/String;",
      "Ljava/net/URLConnection.getInputStream()Ljava/io/InputStream;"
    ]
  }
]