[
  {
    "frequency": 1,
    "overriddenMethods": []
  },
  {
    "frequency": 2,
    "overriddenMethods": [
      "Ljava/lang/Object.toString()Ljava/lang/String;",
      "Ljavax/xml/transform/stream/StreamSource.getInputStream()Ljava/io/InputStream;",
      "Ljavax/xml/transform/stream/StreamSource.getReader()Ljava/io/Reader;",
      "Ljavax/xml/transform/stream/StreamSource.setInputStream(Ljava/io/InputStream;)V",
      "Ljavax/xml/transform/stream/StreamSource.setReader(Ljava/io/Reader;)V"
    ]
  },
  {
    "frequency": 1,
    "overriddenMethods": [
      "Ljavax/xml/transform/stream/StreamSource.getInputStream()Ljava/io/InputStream;",
      "Ljavax/xml/transform/stream/StreamSource.setInputStream(Ljava/io/InputStream;)V"
    ]
  },
  {
    "frequency": 2,
    "overriddenMethods": [
      "Ljavax/xml/transform/stream/StreamSource.getInputStream()Ljava/io/InputStream;",
      "Ljavax/xml/transform/stream/StreamSource.getReader()Ljava/io/Reader;"
    ]
  },
  {
    "frequency": 2,
    "overriddenMethods": [
      "Ljava/lang/Object.toString()Ljava/lang/String;",
      "Ljavax/xml/transform/stream/StreamSource.getInputStream()Ljava/io/InputStream;",
      "Ljavax/xml/transform/stream/StreamSource.getReader()Ljava/io/Reader;"
    ]
  },
  {
    "frequency": 1,
    "overriddenMethods": [
      "Ljavax/xml/transform/stream/StreamSource.getInputStream()Ljava/io/InputStream;",
      "Ljavax/xml/transform/stream/StreamSource.getReader()Ljava/io/Reader;",
      "Ljavax/xml/transform/stream/StreamSource.setInputStream(Ljava/io/InputStream;)V",
      "Ljavax/xml/transform/stream/StreamSource.setReader(Ljava/io/Reader;)V"
    ]
  }
]