[
  {
    "frequency": 1,
    "overriddenMethods": [
      "Ljava/beans/SimpleBeanInfo.getBeanDescriptor()Ljava/beans/BeanDescriptor;",
      "Ljava/beans/SimpleBeanInfo.getDefaultEventIndex()I",
      "Ljava/beans/SimpleBeanInfo.getDefaultPropertyIndex()I",
      "Ljava/beans/SimpleBeanInfo.getEventSetDescriptors()[Ljava/beans/EventSetDescriptor;",
      "Ljava/beans/SimpleBeanInfo.getMethodDescriptors()[Ljava/beans/MethodDescriptor;",
      "Ljava/beans/SimpleBeanInfo.getPropertyDescriptors()[Ljava/beans/PropertyDescriptor;"
    ]
  },
  {
    "frequency": 14,
    "overriddenMethods": []
  },
  {
    "frequency": 2,
    "overriddenMethods": [
      "Ljava/beans/SimpleBeanInfo.getAdditionalBeanInfo()[Ljava/beans/BeanInfo;",
      "Ljava/beans/SimpleBeanInfo.getBeanDescriptor()Ljava/beans/BeanDescriptor;",
      "Ljava/beans/SimpleBeanInfo.getDefaultPropertyIndex()I",
      "Ljava/beans/SimpleBeanInfo.getIcon(I)Ljava/awt/Image;",
      "Ljava/beans/SimpleBeanInfo.getMethodDescriptors()[Ljava/beans/MethodDescriptor;",
      "Ljava/beans/SimpleBeanInfo.getPropertyDescriptors()[Ljava/beans/PropertyDescriptor;"
    ]
  },
  {
    "frequency": 12,
    "overriddenMethods": [
      "Ljava/beans/SimpleBeanInfo.getIcon(I)Ljava/awt/Image;"
    ]
  },
  {
    "frequency": 7,
    "overriddenMethods": [
      "Ljava/beans/SimpleBeanInfo.getPropertyDescriptors()[Ljava/beans/PropertyDescriptor;"
    ]
  },
  {
    "frequency": 1,
    "overriddenMethods": [
      "Ljava/beans/SimpleBeanInfo.getBeanDescriptor()Ljava/beans/BeanDescriptor;",
      "Ljava/beans/SimpleBeanInfo.getDefaultEventIndex()I",
      "Ljava/beans/SimpleBeanInfo.getDefaultPropertyIndex()I",
      "Ljava/beans/SimpleBeanInfo.getEventSetDescriptors()[Ljava/beans/EventSetDescriptor;",
      "Ljava/beans/SimpleBeanInfo.getIcon(I)Ljava/awt/Image;",
      "Ljava/beans/SimpleBeanInfo.getMethodDescriptors()[Ljava/beans/MethodDescriptor;",
      "Ljava/beans/SimpleBeanInfo.getPropertyDescriptors()[Ljava/beans/PropertyDescriptor;"
    ]
  },
  {
    "frequency": 1,
    "overriddenMethods": [
      "Ljava/beans/SimpleBeanInfo.getBeanDescriptor()Ljava/beans/BeanDescriptor;",
      "Ljava/beans/SimpleBeanInfo.getIcon(I)Ljava/awt/Image;"
    ]
  }
]