[
  {
    "frequency": 1,
    "overriddenMethods": []
  },
  {
    "frequency": 14,
    "overriddenMethods": [
      "Ljava/util/AbstractQueue.clear()V",
      "Ljava/util/concurrent/ConcurrentLinkedQueue.offer(Ljava/lang/Object;)Z",
      "Ljava/util/concurrent/ConcurrentLinkedQueue.poll()Ljava/lang/Object;"
    ]
  },
  {
    "frequency": 1,
    "overriddenMethods": [
      "Ljava/util/AbstractQueue.remove()Ljava/lang/Object;",
      "Ljava/util/concurrent/ConcurrentLinkedQueue.add(Ljava/lang/Object;)Z",
      "Ljava/util/concurrent/ConcurrentLinkedQueue.offer(Ljava/lang/Object;)Z",
      "Ljava/util/concurrent/ConcurrentLinkedQueue.poll()Ljava/lang/Object;",
      "Ljava/util/concurrent/ConcurrentLinkedQueue.remove(Ljava/lang/Object;)Z"
    ]
  }
]