[
  {
    "frequency": 16,
    "overriddenMethods": []
  },
  {
    "frequency": 1,
    "overriddenMethods": [
      "Ljava/util/concurrent/ConcurrentHashMap.get(Ljava/lang/Object;)Ljava/lang/Object;"
    ]
  },
  {
    "frequency": 2,
    "overriddenMethods": [
      "Ljava/util/concurrent/ConcurrentHashMap.clear()V",
      "Ljava/util/concurrent/ConcurrentHashMap.put(Ljava/lang/Object;Ljava/lang/Object;)Ljava/lang/Object;",
      "Ljava/util/concurrent/ConcurrentHashMap.putAll(Ljava/util/Map;)V",
      "Ljava/util/concurrent/ConcurrentHashMap.putIfAbsent(Ljava/lang/Object;Ljava/lang/Object;)Ljava/lang/Object;",
      "Ljava/util/concurrent/ConcurrentHashMap.remove(Ljava/lang/Object;)Ljava/lang/Object;",
      "Ljava/util/concurrent/ConcurrentHashMap.remove(Ljava/lang/Object;Ljava/lang/Object;)Z",
      "Ljava/util/concurrent/ConcurrentHashMap.replace(Ljava/lang/Object;Ljava/lang/Object;)Ljava/lang/Object;",
      "Ljava/util/concurrent/ConcurrentHashMap.replace(Ljava/lang/Object;Ljava/lang/Object;Ljava/lang/Object;)Z"
    ]
  },
  {
    "frequency": 1,
    "overriddenMethods": [
      "Ljava/util/concurrent/ConcurrentHashMap.get(Ljava/lang/Object;)Ljava/lang/Object;",
      "Ljava/util/concurrent/ConcurrentHashMap.put(Ljava/lang/Object;Ljava/lang/Object;)Ljava/lang/Object;",
      "Ljava/util/concurrent/ConcurrentHashMap.putIfAbsent(Ljava/lang/Object;Ljava/lang/Object;)Ljava/lang/Object;"
    ]
  },
  {
    "frequency": 1,
    "overriddenMethods": [
      "Ljava/util/concurrent/ConcurrentHashMap.clear()V",
      "Ljava/util/concurrent/ConcurrentHashMap.containsKey(Ljava/lang/Object;)Z",
      "Ljava/util/concurrent/ConcurrentHashMap.containsValue(Ljava/lang/Object;)Z",
      "Ljava/util/concurrent/ConcurrentHashMap.entrySet()Ljava/util/Set;",
      "Ljava/util/concurrent/ConcurrentHashMap.get(Ljava/lang/Object;)Ljava/lang/Object;",
      "Ljava/util/concurrent/ConcurrentHashMap.isEmpty()Z",
      "Ljava/util/concurrent/ConcurrentHashMap.keySet()Ljava/util/Set;",
      "Ljava/util/concurrent/ConcurrentHashMap.put(Ljava/lang/Object;Ljava/lang/Object;)Ljava/lang/Object;",
      "Ljava/util/concurrent/ConcurrentHashMap.putAll(Ljava/util/Map;)V",
      "Ljava/util/concurrent/ConcurrentHashMap.remove(Ljava/lang/Object;)Ljava/lang/Object;",
      "Ljava/util/concurrent/ConcurrentHashMap.size()I",
      "Ljava/util/concurrent/ConcurrentHashMap.values()Ljava/util/Collection;"
    ]
  },
  {
    "frequency": 2,
    "overriddenMethods": [
      "Ljava/util/concurrent/ConcurrentHashMap.clear()V",
      "Ljava/util/concurrent/ConcurrentHashMap.put(Ljava/lang/Object;Ljava/lang/Object;)Ljava/lang/Object;",
      "Ljava/util/concurrent/ConcurrentHashMap.remove(Ljava/lang/Object;)Ljava/lang/Object;"
    ]
  }
]