[
  {
    "frequency": 3,
    "overriddenMethods": []
  },
  {
    "frequency": 1,
    "overriddenMethods": [
      "Ljava/util/concurrent/CopyOnWriteArrayList.add(ILjava/lang/Object;)V",
      "Ljava/util/concurrent/CopyOnWriteArrayList.add(Ljava/lang/Object;)Z",
      "Ljava/util/concurrent/CopyOnWriteArrayList.addAll(ILjava/util/Collection;)Z",
      "Ljava/util/concurrent/CopyOnWriteArrayList.addAll(Ljava/util/Collection;)Z",
      "Ljava/util/concurrent/CopyOnWriteArrayList.addAllAbsent(Ljava/util/Collection;)I",
      "Ljava/util/concurrent/CopyOnWriteArrayList.addIfAbsent(Ljava/lang/Object;)Z",
      "Ljava/util/concurrent/CopyOnWriteArrayList.clear()V",
      "Ljava/util/concurrent/CopyOnWriteArrayList.remove(I)Ljava/lang/Object;",
      "Ljava/util/concurrent/CopyOnWriteArrayList.remove(Ljava/lang/Object;)Z",
      "Ljava/util/concurrent/CopyOnWriteArrayList.removeAll(Ljava/util/Collection;)Z",
      "Ljava/util/concurrent/CopyOnWriteArrayList.retainAll(Ljava/util/Collection;)Z"
    ]
  },
  {
    "frequency": 1,
    "overriddenMethods": [
      "Ljava/util/concurrent/CopyOnWriteArrayList.add(ILjava/lang/Object;)V",
      "Ljava/util/concurrent/CopyOnWriteArrayList.add(Ljava/lang/Object;)Z",
      "Ljava/util/concurrent/CopyOnWriteArrayList.addAll(ILjava/util/Collection;)Z",
      "Ljava/util/concurrent/CopyOnWriteArrayList.addAll(Ljava/util/Collection;)Z",
      "Ljava/util/concurrent/CopyOnWriteArrayList.addAllAbsent(Ljava/util/Collection;)I",
      "Ljava/util/concurrent/CopyOnWriteArrayList.addIfAbsent(Ljava/lang/Object;)Z",
      "Ljava/util/concurrent/CopyOnWriteArrayList.clear()V",
      "Ljava/util/concurrent/CopyOnWriteArrayList.equals(Ljava/lang/Object;)Z",
      "Ljava/util/concurrent/CopyOnWriteArrayList.hashCode()I",
      "Ljava/util/concurrent/CopyOnWriteArrayList.remove(I)Ljava/lang/Object;",
      "Ljava/util/concurrent/CopyOnWriteArrayList.remove(Ljava/lang/Object;)Z",
      "Ljava/util/concurrent/CopyOnWriteArrayList.removeAll(Ljava/util/Collection;)Z",
      "Ljava/util/concurrent/CopyOnWriteArrayList.retainAll(Ljava/util/Collection;)Z"
    ]
  }
]