[
  {
    "frequency": 2,
    "overriddenMethods": []
  },
  {
    "frequency": 3,
    "overriddenMethods": [
      "Ljava/util/concurrent/FutureTask.cancel(Z)Z"
    ]
  },
  {
    "frequency": 1,
    "overriddenMethods": [
      "Ljava/util/concurrent/FutureTask.run()V"
    ]
  },
  {
    "frequency": 1,
    "overriddenMethods": [
      "Ljava/util/concurrent/FutureTask.done()V",
      "Ljava/util/concurrent/FutureTask.set(Ljava/lang/Object;)V"
    ]
  },
  {
    "frequency": 1,
    "overriddenMethods": [
      "Ljava/util/concurrent/FutureTask.get()Ljava/lang/Object;",
      "Ljava/util/concurrent/FutureTask.run()V"
    ]
  },
  {
    "frequency": 1,
    "overriddenMethods": [
      "Ljava/lang/Object.toString()Ljava/lang/String;",
      "Ljava/util/concurrent/FutureTask.done()V"
    ]
  },
  {
    "frequency": 3,
    "overriddenMethods": [
      "Ljava/util/concurrent/FutureTask.set(Ljava/lang/Object;)V",
      "Ljava/util/concurrent/FutureTask.setException(Ljava/lang/Throwable;)V"
    ]
  },
  {
    "frequency": 1,
    "overriddenMethods": [
      "Ljava/lang/Object.toString()Ljava/lang/String;",
      "Ljava/util/concurrent/FutureTask.cancel(Z)Z"
    ]
  },
  {
    "frequency": 1,
    "overriddenMethods": [
      "Ljava/util/concurrent/FutureTask.get()Ljava/lang/Object;"
    ]
  },
  {
    "frequency": 14,
    "overriddenMethods": [
      "Ljava/util/concurrent/FutureTask.done()V"
    ]
  }
]