[
  {
    "frequency": 1,
    "overriddenMethods": [
      "Ljava/util/concurrent/AbstractExecutorService.newTaskFor(Ljava/lang/Runnable;Ljava/lang/Object;)Ljava/util/concurrent/RunnableFuture;",
      "Ljava/util/concurrent/AbstractExecutorService.newTaskFor(Ljava/util/concurrent/Callable;)Ljava/util/concurrent/RunnableFuture;",
      "Ljava/util/concurrent/ThreadPoolExecutor.toString()Ljava/lang/String;"
    ]
  },
  {
    "frequency": 2,
    "overriddenMethods": [
      "Ljava/util/concurrent/ScheduledThreadPoolExecutor.execute(Ljava/lang/Runnable;)V"
    ]
  },
  {
    "frequency": 1,
    "overriddenMethods": [
      "Ljava/util/concurrent/ThreadPoolExecutor.getRejectedExecutionHandler()Ljava/util/concurrent/RejectedExecutionHandler;",
      "Ljava/util/concurrent/ThreadPoolExecutor.setKeepAliveTime(JLjava/util/concurrent/TimeUnit;)V",
      "Ljava/util/concurrent/ThreadPoolExecutor.setRejectedExecutionHandler(Ljava/util/concurrent/RejectedExecutionHandler;)V",
      "Ljava/util/concurrent/ThreadPoolExecutor.terminated()V"
    ]
  },
  {
    "frequency": 1,
    "overriddenMethods": [
      "Ljava/util/concurrent/ScheduledThreadPoolExecutor.execute(Ljava/lang/Runnable;)V",
      "Ljava/util/concurrent/ScheduledThreadPoolExecutor.schedule(Ljava/lang/Runnable;JLjava/util/concurrent/TimeUnit;)Ljava/util/concurrent/ScheduledFuture;",
      "Ljava/util/concurrent/ScheduledThreadPoolExecutor.schedule(Ljava/util/concurrent/Callable;JLjava/util/concurrent/TimeUnit;)Ljava/util/concurrent/ScheduledFuture;",
      "Ljava/util/concurrent/ScheduledThreadPoolExecutor.scheduleAtFixedRate(Ljava/lang/Runnable;JJLjava/util/concurrent/TimeUnit;)Ljava/util/concurrent/ScheduledFuture;",
      "Ljava/util/concurrent/ScheduledThreadPoolExecutor.scheduleWithFixedDelay(Ljava/lang/Runnable;JJLjava/util/concurrent/TimeUnit;)Ljava/util/concurrent/ScheduledFuture;",
      "Ljava/util/concurrent/ScheduledThreadPoolExecutor.shutdown()V",
      "Ljava/util/concurrent/ScheduledThreadPoolExecutor.shutdownNow()Ljava/util/List;",
      "Ljava/util/concurrent/ScheduledThreadPoolExecutor.submit(Ljava/lang/Runnable;)Ljava/util/concurrent/Future;",
      "Ljava/util/concurrent/ScheduledThreadPoolExecutor.submit(Ljava/lang/Runnable;Ljava/lang/Object;)Ljava/util/concurrent/Future;",
      "Ljava/util/concurrent/ScheduledThreadPoolExecutor.submit(Ljava/util/concurrent/Callable;)Ljava/util/concurrent/Future;",
      "Ljava/util/concurrent/ThreadPoolExecutor.terminated()V"
    ]
  }
]