[
  {
    "frequency": 2,
    "overriddenMethods": [
      "Ljavax/activation/DataHandler.getContentType()Ljava/lang/String;",
      "Ljavax/activation/DataHandler.writeTo(Ljava/io/OutputStream;)V"
    ]
  },
  {
    "frequency": 19,
    "overriddenMethods": []
  },
  {
    "frequency": 6,
    "overriddenMethods": [
      "Ljavax/activation/DataHandler.getContentType()Ljava/lang/String;"
    ]
  },
  {
    "frequency": 1,
    "overriddenMethods": [
      "Ljavax/activation/DataHandler.getContent()Ljava/lang/Object;",
      "Ljavax/activation/DataHandler.writeTo(Ljava/io/OutputStream;)V"
    ]
  },
  {
    "frequency": 2,
    "overriddenMethods": [
      "Ljavax/activation/DataHandler.writeTo(Ljava/io/OutputStream;)V"
    ]
  }
]