[
  {
    "frequency": 7,
    "overriddenMethods": [
      "Ljava/lang/Object.toString()Ljava/lang/String;",
      "Ljava/util/Dictionary.elements()Ljava/util/Enumeration;",
      "Ljava/util/Dictionary.get(Ljava/lang/Object;)Ljava/lang/Object;",
      "Ljava/util/Dictionary.isEmpty()Z",
      "Ljava/util/Dictionary.keys()Ljava/util/Enumeration;",
      "Ljava/util/Dictionary.put(Ljava/lang/Object;Ljava/lang/Object;)Ljava/lang/Object;",
      "Ljava/util/Dictionary.remove(Ljava/lang/Object;)Ljava/lang/Object;",
      "Ljava/util/Dictionary.size()I"
    ]
  },
  {
    "frequency": 1,
    "overriddenMethods": [
      "Ljava/lang/Object.clone()Ljava/lang/Object;",
      "Ljava/lang/Object.equals(Ljava/lang/Object;)Z",
      "Ljava/lang/Object.toString()Ljava/lang/String;",
      "Ljava/util/Dictionary.elements()Ljava/util/Enumeration;",
      "Ljava/util/Dictionary.get(Ljava/lang/Object;)Ljava/lang/Object;",
      "Ljava/util/Dictionary.isEmpty()Z",
      "Ljava/util/Dictionary.keys()Ljava/util/Enumeration;",
      "Ljava/util/Dictionary.put(Ljava/lang/Object;Ljava/lang/Object;)Ljava/lang/Object;",
      "Ljava/util/Dictionary.remove(Ljava/lang/Object;)Ljava/lang/Object;",
      "Ljava/util/Dictionary.size()I"
    ]
  },
  {
    "frequency": 9,
    "overriddenMethods": [
      "Ljava/lang/Object.equals(Ljava/lang/Object;)Z",
      "Ljava/lang/Object.hashCode()I",
      "Ljava/lang/Object.toString()Ljava/lang/String;",
      "Ljava/util/Dictionary.elements()Ljava/util/Enumeration;",
      "Ljava/util/Dictionary.get(Ljava/lang/Object;)Ljava/lang/Object;",
      "Ljava/util/Dictionary.isEmpty()Z",
      "Ljava/util/Dictionary.keys()Ljava/util/Enumeration;",
      "Ljava/util/Dictionary.put(Ljava/lang/Object;Ljava/lang/Object;)Ljava/lang/Object;",
      "Ljava/util/Dictionary.remove(Ljava/lang/Object;)Ljava/lang/Object;",
      "Ljava/util/Dictionary.size()I"
    ]
  },
  {
    "frequency": 31,
    "overriddenMethods": [
      "Ljava/util/Dictionary.elements()Ljava/util/Enumeration;",
      "Ljava/util/Dictionary.get(Ljava/lang/Object;)Ljava/lang/Object;",
      "Ljava/util/Dictionary.isEmpty()Z",
      "Ljava/util/Dictionary.keys()Ljava/util/Enumeration;",
      "Ljava/util/Dictionary.put(Ljava/lang/Object;Ljava/lang/Object;)Ljava/lang/Object;",
      "Ljava/util/Dictionary.remove(Ljava/lang/Object;)Ljava/lang/Object;",
      "Ljava/util/Dictionary.size()I"
    ]
  }
]