[
  {
    "frequency": 9,
    "overriddenMethods": []
  },
  {
    "frequency": 1,
    "overriddenMethods": [
      "Ljava/util/IdentityHashMap.get(Ljava/lang/Object;)Ljava/lang/Object;"
    ]
  },
  {
    "frequency": 1,
    "overriddenMethods": [
      "Ljava/util/IdentityHashMap.clear()V",
      "Ljava/util/IdentityHashMap.containsValue(Ljava/lang/Object;)Z",
      "Ljava/util/IdentityHashMap.put(Ljava/lang/Object;Ljava/lang/Object;)Ljava/lang/Object;",
      "Ljava/util/IdentityHashMap.remove(Ljava/lang/Object;)Ljava/lang/Object;"
    ]
  }
]