[
  {
    "frequency": 88,
    "overriddenMethods": []
  },
  {
    "frequency": 5,
    "overriddenMethods": [
      "Ljava/util/Observable.notifyObservers()V",
      "Ljava/util/Observable.notifyObservers(Ljava/lang/Object;)V"
    ]
  },
  {
    "frequency": 1,
    "overriddenMethods": [
      "Ljava/util/Observable.notifyObservers(Ljava/lang/Object;)V",
      "Ljava/util/Observable.setChanged()V"
    ]
  },
  {
    "frequency": 7,
    "overriddenMethods": [
      "Ljava/util/Observable.setChanged()V"
    ]
  },
  {
    "frequency": 4,
    "overriddenMethods": [
      "Ljava/lang/Object.clone()Ljava/lang/Object;"
    ]
  },
  {
    "frequency": 11,
    "overriddenMethods": [
      "Ljava/lang/Object.toString()Ljava/lang/String;"
    ]
  },
  {
    "frequency": 1,
    "overriddenMethods": [
      "Ljava/lang/Object.clone()Ljava/lang/Object;",
      "Ljava/lang/Object.toString()Ljava/lang/String;"
    ]
  },
  {
    "frequency": 2,
    "overriddenMethods": [
      "Ljava/util/Observable.notifyObservers(Ljava/lang/Object;)V"
    ]
  }
]