[
  {
    "frequency": 1,
    "overriddenMethods": []
  },
  {
    "frequency": 1,
    "overriddenMethods": [
      "Ljava/lang/Object.clone()Ljava/lang/Object;",
      "Ljava/util/Random.next(I)I",
      "Ljava/util/Random.nextBoolean()Z",
      "Ljava/util/Random.nextBytes([B)V",
      "Ljava/util/Random.nextDouble()D",
      "Ljava/util/Random.nextFloat()F",
      "Ljava/util/Random.nextGaussian()D",
      "Ljava/util/Random.nextInt(I)I",
      "Ljava/util/Random.setSeed(J)V"
    ]
  },
  {
    "frequency": 2,
    "overriddenMethods": [
      "Ljava/util/Random.nextBytes([B)V"
    ]
  },
  {
    "frequency": 8,
    "overriddenMethods": [
      "Ljava/util/Random.next(I)I",
      "Ljava/util/Random.setSeed(J)V"
    ]
  },
  {
    "frequency": 17,
    "overriddenMethods": [
      "Ljava/util/Random.nextBoolean()Z",
      "Ljava/util/Random.nextBytes([B)V",
      "Ljava/util/Random.nextDouble()D",
      "Ljava/util/Random.nextFloat()F",
      "Ljava/util/Random.nextGaussian()D",
      "Ljava/util/Random.nextInt()I",
      "Ljava/util/Random.nextInt(I)I",
      "Ljava/util/Random.nextLong()J",
      "Ljava/util/Random.setSeed(J)V"
    ]
  },
  {
    "frequency": 1,
    "overriddenMethods": [
      "Ljava/util/Random.next(I)I"
    ]
  },
  {
    "frequency": 10,
    "overriddenMethods": [
      "Ljava/util/Random.setSeed(J)V"
    ]
  }
]