[
  {
    "frequency": 2,
    "overriddenMethods": [
      "Ljava/util/ResourceBundle$Control.getFallbackLocale(Ljava/lang/String;Ljava/util/Locale;)Ljava/util/Locale;",
      "Ljava/util/ResourceBundle$Control.getFormats(Ljava/lang/String;)Ljava/util/List;",
      "Ljava/util/ResourceBundle$Control.newBundle(Ljava/lang/String;Ljava/util/Locale;Ljava/lang/String;Ljava/lang/ClassLoader;Z)Ljava/util/ResourceBundle;"
    ]
  },
  {
    "frequency": 1,
    "overriddenMethods": [
      "Ljava/util/ResourceBundle$Control.getFallbackLocale(Ljava/lang/String;Ljava/util/Locale;)Ljava/util/Locale;",
      "Ljava/util/ResourceBundle$Control.getTimeToLive(Ljava/lang/String;Ljava/util/Locale;)J",
      "Ljava/util/ResourceBundle$Control.needsReload(Ljava/lang/String;Ljava/util/Locale;Ljava/lang/String;Ljava/lang/ClassLoader;Ljava/util/ResourceBundle;J)Z",
      "Ljava/util/ResourceBundle$Control.newBundle(Ljava/lang/String;Ljava/util/Locale;Ljava/lang/String;Ljava/lang/ClassLoader;Z)Ljava/util/ResourceBundle;"
    ]
  },
  {
    "frequency": 1,
    "overriddenMethods": [
      "Ljava/util/ResourceBundle$Control.getFallbackLocale(Ljava/lang/String;Ljava/util/Locale;)Ljava/util/Locale;",
      "Ljava/util/ResourceBundle$Control.getFormats(Ljava/lang/String;)Ljava/util/List;",
      "Ljava/util/ResourceBundle$Control.getTimeToLive(Ljava/lang/String;Ljava/util/Locale;)J",
      "Ljava/util/ResourceBundle$Control.newBundle(Ljava/lang/String;Ljava/util/Locale;Ljava/lang/String;Ljava/lang/ClassLoader;Z)Ljava/util/ResourceBundle;"
    ]
  }
]