[
  {
    "frequency": 1,
    "overriddenMethods": []
  },
  {
    "frequency": 11,
    "overriddenMethods": [
      "Ljava/util/StringTokenizer.countTokens()I",
      "Ljava/util/StringTokenizer.hasMoreElements()Z",
      "Ljava/util/StringTokenizer.hasMoreTokens()Z",
      "Ljava/util/StringTokenizer.nextElement()Ljava/lang/Object;",
      "Ljava/util/StringTokenizer.nextToken()Ljava/lang/String;",
      "Ljava/util/StringTokenizer.nextToken(Ljava/lang/String;)Ljava/lang/String;"
    ]
  },
  {
    "frequency": 2,
    "overriddenMethods": [
      "Ljava/util/StringTokenizer.nextToken()Ljava/lang/String;"
    ]
  },
  {
    "frequency": 23,
    "overriddenMethods": [
      "Ljava/util/StringTokenizer.hasMoreTokens()Z",
      "Ljava/util/StringTokenizer.nextToken()Ljava/lang/String;"
    ]
  }
]