[
  {
    "frequency": 2,
    "overriddenMethods": []
  },
  {
    "frequency": 17,
    "overriddenMethods": [
      "Ljava/util/TimerTask.cancel()Z",
      "Ljava/util/TimerTask.run()V"
    ]
  },
  {
    "frequency": 10,
    "overriddenMethods": [
      "Ljava/lang/Object.toString()Ljava/lang/String;",
      "Ljava/util/TimerTask.cancel()Z",
      "Ljava/util/TimerTask.run()V"
    ]
  },
  {
    "frequency": 422,
    "overriddenMethods": [
      "Ljava/util/TimerTask.run()V"
    ]
  },
  {
    "frequency": 11,
    "overriddenMethods": [
      "Ljava/lang/Object.toString()Ljava/lang/String;",
      "Ljava/util/TimerTask.run()V"
    ]
  }
]