[
  {
    "frequency": 5,
    "overriddenMethods": []
  },
  {
    "frequency": 4,
    "overriddenMethods": [
      "Ljava/io/BufferedOutputStream.write(I)V",
      "Ljava/io/BufferedOutputStream.write([BII)V"
    ]
  },
  {
    "frequency": 24,
    "overriddenMethods": [
      "Ljava/io/FilterOutputStream.close()V"
    ]
  },
  {
    "frequency": 1,
    "overriddenMethods": [
      "Ljava/io/BufferedOutputStream.write(I)V",
      "Ljava/io/BufferedOutputStream.write([BII)V",
      "Ljava/io/FilterOutputStream.close()V",
      "Ljava/io/FilterOutputStream.write([B)V"
    ]
  },
  {
    "frequency": 1,
    "overriddenMethods": [
      "Ljava/io/BufferedOutputStream.flush()V",
      "Ljava/io/BufferedOutputStream.write(I)V",
      "Ljava/io/BufferedOutputStream.write([BII)V",
      "Ljava/io/FilterOutputStream.close()V",
      "Ljava/io/FilterOutputStream.write([B)V"
    ]
  }
]