[
  {
    "frequency": 86,
    "overriddenMethods": []
  },
  {
    "frequency": 1,
    "overriddenMethods": [
      "Ljava/io/ByteArrayInputStream.reset()V"
    ]
  },
  {
    "frequency": 1,
    "overriddenMethods": [
      "Ljava/io/InputStream.read([B)I"
    ]
  },
  {
    "frequency": 2,
    "overriddenMethods": [
      "Ljava/io/ByteArrayInputStream.available()I",
      "Ljava/io/ByteArrayInputStream.read()I",
      "Ljava/io/ByteArrayInputStream.read([BII)I",
      "Ljava/io/ByteArrayInputStream.reset()V",
      "Ljava/io/ByteArrayInputStream.skip(J)J"
    ]
  },
  {
    "frequency": 3,
    "overriddenMethods": [
      "Ljava/lang/Object.toString()Ljava/lang/String;"
    ]
  }
]