[
  {
    "frequency": 4,
    "overriddenMethods": []
  },
  {
    "frequency": 8,
    "overriddenMethods": [
      "Ljava/io/CharArrayWriter.close()V"
    ]
  },
  {
    "frequency": 1,
    "overriddenMethods": [
      "Ljava/io/CharArrayWriter.write([CII)V"
    ]
  },
  {
    "frequency": 1,
    "overriddenMethods": [
      "Ljava/io/CharArrayWriter.write(I)V",
      "Ljava/io/CharArrayWriter.write(Ljava/lang/String;II)V",
      "Ljava/io/CharArrayWriter.write([CII)V",
      "Ljava/io/Writer.write(Ljava/lang/String;)V",
      "Ljava/io/Writer.write([C)V"
    ]
  }
]