[
  {
    "frequency": 1,
    "overriddenMethods": []
  },
  {
    "frequency": 9,
    "overriddenMethods": [
      "Ljava/awt/event/MouseMotionAdapter.mouseDragged(Ljava/awt/event/MouseEvent;)V"
    ]
  },
  {
    "frequency": 19,
    "overriddenMethods": [
      "Ljava/awt/event/MouseMotionAdapter.mouseMoved(Ljava/awt/event/MouseEvent;)V"
    ]
  },
  {
    "frequency": 2,
    "overriddenMethods": [
      "Ljava/awt/event/MouseMotionAdapter.mouseDragged(Ljava/awt/event/MouseEvent;)V",
      "Ljava/awt/event/MouseMotionAdapter.mouseMoved(Ljava/awt/event/MouseEvent;)V"
    ]
  }
]