[
  {
    "frequency": 8,
    "overriddenMethods": []
  },
  {
    "frequency": 1,
    "overriddenMethods": [
      "Ljavax/swing/tree/DefaultMutableTreeNode.getParent()Ljavax/swing/tree/TreeNode;",
      "Ljavax/swing/tree/DefaultMutableTreeNode.getUserObject()Ljava/lang/Object;"
    ]
  },
  {
    "frequency": 1,
    "overriddenMethods": [
      "Ljavax/swing/tree/DefaultMutableTreeNode.clone()Ljava/lang/Object;"
    ]
  },
  {
    "frequency": 20,
    "overriddenMethods": [
      "Ljava/lang/Object.equals(Ljava/lang/Object;)Z",
      "Ljava/lang/Object.hashCode()I",
      "Ljavax/swing/tree/DefaultMutableTreeNode.toString()Ljava/lang/String;"
    ]
  },
  {
    "frequency": 1,
    "overriddenMethods": [
      "Ljavax/swing/tree/DefaultMutableTreeNode.getChildCount()I"
    ]
  },
  {
    "frequency": 10,
    "overriddenMethods": [
      "Ljavax/swing/tree/DefaultMutableTreeNode.toString()Ljava/lang/String;"
    ]
  }
]