[
  {
    "frequency": 1,
    "overriddenMethods": [
      "Ljavax/swing/tree/DefaultTreeCellRenderer.getLeafIcon()Ljavax/swing/Icon;",
      "Ljavax/swing/tree/DefaultTreeCellRenderer.getTreeCellRendererComponent(Ljavax/swing/JTree;Ljava/lang/Object;ZZZIZ)Ljava/awt/Component;"
    ]
  },
  {
    "frequency": 45,
    "overriddenMethods": [
      "Ljavax/swing/tree/DefaultTreeCellRenderer.getTreeCellRendererComponent(Ljavax/swing/JTree;Ljava/lang/Object;ZZZIZ)Ljava/awt/Component;"
    ]
  },
  {
    "frequency": 2,
    "overriddenMethods": [
      "Ljavax/swing/tree/DefaultTreeCellRenderer.getClosedIcon()Ljavax/swing/Icon;",
      "Ljavax/swing/tree/DefaultTreeCellRenderer.getLeafIcon()Ljavax/swing/Icon;",
      "Ljavax/swing/tree/DefaultTreeCellRenderer.getOpenIcon()Ljavax/swing/Icon;",
      "Ljavax/swing/tree/DefaultTreeCellRenderer.getTreeCellRendererComponent(Ljavax/swing/JTree;Ljava/lang/Object;ZZZIZ)Ljava/awt/Component;"
    ]
  }
]