[
  {
    "frequency": 2,
    "overriddenMethods": [
      "Ljavax/swing/JComponent.paintChildren(Ljava/awt/Graphics;)V"
    ]
  },
  {
    "frequency": 421,
    "overriddenMethods": []
  },
  {
    "frequency": 5,
    "overriddenMethods": [
      "Ljava/awt/Component.addKeyListener(Ljava/awt/event/KeyListener;)V"
    ]
  },
  {
    "frequency": 2,
    "overriddenMethods": [
      "Ljavax/swing/JComponent.getPreferredSize()Ljava/awt/Dimension;",
      "Ljavax/swing/JComponent.paint(Ljava/awt/Graphics;)V",
      "Ljavax/swing/JComponent.setPreferredSize(Ljava/awt/Dimension;)V",
      "Ljavax/swing/JComponent.update(Ljava/awt/Graphics;)V"
    ]
  },
  {
    "frequency": 2,
    "overriddenMethods": [
      "Ljava/awt/Component.removePropertyChangeListener(Ljava/beans/PropertyChangeListener;)V",
      "Ljava/awt/Container.addPropertyChangeListener(Ljava/beans/PropertyChangeListener;)V"
    ]
  },
  {
    "frequency": 2,
    "overriddenMethods": [
      "Ljavax/swing/JComponent.getPreferredSize()Ljava/awt/Dimension;"
    ]
  },
  {
    "frequency": 1,
    "overriddenMethods": [
      "Ljava/awt/Container.doLayout()V",
      "Ljavax/swing/JComponent.getPreferredSize()Ljava/awt/Dimension;",
      "Ljavax/swing/JComponent.setBackground(Ljava/awt/Color;)V"
    ]
  },
  {
    "frequency": 1,
    "overriddenMethods": [
      "Ljava/awt/Component.isFocusTraversable()Z",
      "Ljava/awt/Component.setBounds(IIII)V",
      "Ljavax/swing/JComponent.getPreferredSize()Ljava/awt/Dimension;",
      "Ljavax/swing/JComponent.getToolTipText(Ljava/awt/event/MouseEvent;)Ljava/lang/String;",
      "Ljavax/swing/JComponent.paintComponent(Ljava/awt/Graphics;)V"
    ]
  },
  {
    "frequency": 1,
    "overriddenMethods": [
      "Ljava/awt/Component.imageUpdate(Ljava/awt/Image;IIIII)Z",
      "Ljavax/swing/JComponent.getMinimumSize()Ljava/awt/Dimension;",
      "Ljavax/swing/JComponent.getPreferredSize()Ljava/awt/Dimension;",
      "Ljavax/swing/JComponent.paint(Ljava/awt/Graphics;)V",
      "Ljavax/swing/JComponent.update(Ljava/awt/Graphics;)V"
    ]
  },
  {
    "frequency": 1,
    "overriddenMethods": [
      "Ljavax/swing/JComponent.getListeners(Ljava/lang/Class;)[Ljava/util/EventListener;",
      "Ljavax/swing/JComponent.getToolTipText(Ljava/awt/event/MouseEvent;)Ljava/lang/String;",
      "Ljavax/swing/JComponent.paintComponent(Ljava/awt/Graphics;)V"
    ]
  },
  {
    "frequency": 7,
    "overriddenMethods": [
      "Ljava/awt/Container.setLayout(Ljava/awt/LayoutManager;)V"
    ]
  },
  {
    "frequency": 5,
    "overriddenMethods": [
      "Ljavax/swing/JComponent.disable()V",
      "Ljavax/swing/JComponent.enable()V"
    ]
  },
  {
    "frequency": 1,
    "overriddenMethods": [
      "Ljava/awt/Component.addFocusListener(Ljava/awt/event/FocusListener;)V",
      "Ljava/awt/Component.hasFocus()Z",
      "Ljava/awt/Component.isEnabled()Z",
      "Ljava/awt/Component.removeFocusListener(Ljava/awt/event/FocusListener;)V",
      "Ljava/lang/Object.finalize()V",
      "Ljavax/swing/JComponent.isOpaque()Z",
      "Ljavax/swing/JComponent.setBackground(Ljava/awt/Color;)V",
      "Ljavax/swing/JComponent.setBorder(Ljavax/swing/border/Border;)V",
      "Ljavax/swing/JComponent.setEnabled(Z)V",
      "Ljavax/swing/JComponent.setOpaque(Z)V"
    ]
  },
  {
    "frequency": 2,
    "overriddenMethods": [
      "Ljavax/swing/JComponent.setBackground(Ljava/awt/Color;)V"
    ]
  },
  {
    "frequency": 1,
    "overriddenMethods": [
      "Ljavax/swing/JComponent.setPreferredSize(Ljava/awt/Dimension;)V"
    ]
  },
  {
    "frequency": 1,
    "overriddenMethods": [
      "Ljavax/swing/JComponent.getMaximumSize()Ljava/awt/Dimension;",
      "Ljavax/swing/JComponent.getMinimumSize()Ljava/awt/Dimension;",
      "Ljavax/swing/JComponent.getPreferredSize()Ljava/awt/Dimension;"
    ]
  },
  {
    "frequency": 1,
    "overriddenMethods": [
      "Ljavax/swing/JComponent.addNotify()V",
      "Ljavax/swing/JComponent.paintComponent(Ljava/awt/Graphics;)V"
    ]
  },
  {
    "frequency": 6,
    "overriddenMethods": [
      "Ljavax/swing/JComponent.setEnabled(Z)V"
    ]
  },
  {
    "frequency": 3,
    "overriddenMethods": [
      "Ljavax/swing/JComponent.getListeners(Ljava/lang/Class;)[Ljava/util/EventListener;",
      "Ljavax/swing/JComponent.getToolTipText(Ljava/awt/event/MouseEvent;)Ljava/lang/String;",
      "Ljavax/swing/JComponent.paintComponent(Ljava/awt/Graphics;)V",
      "Ljavax/swing/JPanel.updateUI()V"
    ]
  },
  {
    "frequency": 9,
    "overriddenMethods": [
      "Ljava/awt/Container.removeAll()V"
    ]
  },
  {
    "frequency": 1,
    "overriddenMethods": [
      "Ljava/awt/Container.addImpl(Ljava/awt/Component;Ljava/lang/Object;I)V"
    ]
  },
  {
    "frequency": 4,
    "overriddenMethods": [
      "Ljavax/swing/JComponent.getMinimumSize()Ljava/awt/Dimension;",
      "Ljavax/swing/JComponent.getPreferredSize()Ljava/awt/Dimension;",
      "Ljavax/swing/JComponent.paintComponent(Ljava/awt/Graphics;)V"
    ]
  },
  {
    "frequency": 1,
    "overriddenMethods": [
      "Ljava/awt/Component.isFocusTraversable()Z",
      "Ljava/awt/Component.repaint()V",
      "Ljavax/swing/JComponent.paint(Ljava/awt/Graphics;)V"
    ]
  },
  {
    "frequency": 1,
    "overriddenMethods": [
      "Ljava/awt/Component.getSize()Ljava/awt/Dimension;",
      "Ljavax/swing/JComponent.isDoubleBuffered()Z",
      "Ljavax/swing/JComponent.paintComponent(Ljava/awt/Graphics;)V",
      "Ljavax/swing/JComponent.setDoubleBuffered(Z)V",
      "Ljavax/swing/JComponent.setVisible(Z)V"
    ]
  },
  {
    "frequency": 1,
    "overriddenMethods": [
      "Ljava/awt/Component.getSize()Ljava/awt/Dimension;",
      "Ljavax/swing/JComponent.getPreferredSize()Ljava/awt/Dimension;",
      "Ljavax/swing/JComponent.paintComponent(Ljava/awt/Graphics;)V"
    ]
  },
  {
    "frequency": 1,
    "overriddenMethods": [
      "Ljavax/swing/JPanel.updateUI()V"
    ]
  },
  {
    "frequency": 3,
    "overriddenMethods": [
      "Ljava/awt/Component.addKeyListener(Ljava/awt/event/KeyListener;)V",
      "Ljavax/swing/JComponent.setEnabled(Z)V"
    ]
  },
  {
    "frequency": 4,
    "overriddenMethods": [
      "Ljavax/swing/JComponent.getToolTipText(Ljava/awt/event/MouseEvent;)Ljava/lang/String;",
      "Ljavax/swing/JComponent.paintComponent(Ljava/awt/Graphics;)V"
    ]
  },
  {
    "frequency": 3,
    "overriddenMethods": [
      "Ljavax/swing/JComponent.getInsets()Ljava/awt/Insets;",
      "Ljavax/swing/JComponent.removeNotify()V"
    ]
  },
  {
    "frequency": 2,
    "overriddenMethods": [
      "Ljavax/swing/JComponent.setVisible(Z)V"
    ]
  },
  {
    "frequency": 2,
    "overriddenMethods": [
      "Ljava/awt/Component.coalesceEvents(Ljava/awt/AWTEvent;Ljava/awt/AWTEvent;)Ljava/awt/AWTEvent;",
      "Ljava/awt/Container.processEvent(Ljava/awt/AWTEvent;)V",
      "Ljavax/swing/JComponent.getListeners(Ljava/lang/Class;)[Ljava/util/EventListener;"
    ]
  },
  {
    "frequency": 1,
    "overriddenMethods": [
      "Ljavax/swing/JComponent.getToolTipText(Ljava/awt/event/MouseEvent;)Ljava/lang/String;",
      "Ljavax/swing/JComponent.isDoubleBuffered()Z",
      "Ljavax/swing/JComponent.paintComponent(Ljava/awt/Graphics;)V",
      "Ljavax/swing/JComponent.setDoubleBuffered(Z)V",
      "Ljavax/swing/JComponent.setVisible(Z)V"
    ]
  },
  {
    "frequency": 1,
    "overriddenMethods": [
      "Ljava/awt/Component.addKeyListener(Ljava/awt/event/KeyListener;)V",
      "Ljava/awt/Component.removeKeyListener(Ljava/awt/event/KeyListener;)V"
    ]
  },
  {
    "frequency": 24,
    "overriddenMethods": [
      "Ljavax/swing/JComponent.paintComponent(Ljava/awt/Graphics;)V"
    ]
  },
  {
    "frequency": 4,
    "overriddenMethods": [
      "Ljavax/swing/JComponent.getMinimumSize()Ljava/awt/Dimension;",
      "Ljavax/swing/JComponent.getPreferredSize()Ljava/awt/Dimension;",
      "Ljavax/swing/JComponent.isOpaque()Z",
      "Ljavax/swing/JComponent.paintComponent(Ljava/awt/Graphics;)V"
    ]
  },
  {
    "frequency": 1,
    "overriddenMethods": [
      "Ljavax/swing/JComponent.getMaximumSize()Ljava/awt/Dimension;"
    ]
  },
  {
    "frequency": 1,
    "overriddenMethods": [
      "Ljava/awt/Component.addMouseListener(Ljava/awt/event/MouseListener;)V",
      "Ljavax/swing/JComponent.setToolTipText(Ljava/lang/String;)V"
    ]
  },
  {
    "frequency": 1,
    "overriddenMethods": [
      "Ljava/awt/Component.removePropertyChangeListener(Ljava/beans/PropertyChangeListener;)V",
      "Ljava/awt/Component.removePropertyChangeListener(Ljava/lang/String;Ljava/beans/PropertyChangeListener;)V",
      "Ljava/awt/Container.addPropertyChangeListener(Ljava/beans/PropertyChangeListener;)V",
      "Ljava/awt/Container.addPropertyChangeListener(Ljava/lang/String;Ljava/beans/PropertyChangeListener;)V"
    ]
  },
  {
    "frequency": 1,
    "overriddenMethods": [
      "Ljava/lang/Object.finalize()V"
    ]
  },
  {
    "frequency": 2,
    "overriddenMethods": [
      "Ljavax/swing/JComponent.getToolTipText()Ljava/lang/String;",
      "Ljavax/swing/JComponent.setToolTipText(Ljava/lang/String;)V"
    ]
  },
  {
    "frequency": 4,
    "overriddenMethods": [
      "Ljava/awt/Component.isEnabled()Z",
      "Ljavax/swing/JComponent.setEnabled(Z)V"
    ]
  },
  {
    "frequency": 1,
    "overriddenMethods": [
      "Ljavax/swing/JComponent.paintComponent(Ljava/awt/Graphics;)V",
      "Ljavax/swing/JComponent.setBackground(Ljava/awt/Color;)V"
    ]
  },
  {
    "frequency": 7,
    "overriddenMethods": [
      "Ljavax/swing/JComponent.setBackground(Ljava/awt/Color;)V",
      "Ljavax/swing/JComponent.setForeground(Ljava/awt/Color;)V"
    ]
  },
  {
    "frequency": 2,
    "overriddenMethods": [
      "Ljava/awt/Component.isFocusTraversable()Z",
      "Ljavax/swing/JComponent.getMinimumSize()Ljava/awt/Dimension;",
      "Ljavax/swing/JComponent.getPreferredSize()Ljava/awt/Dimension;",
      "Ljavax/swing/JComponent.paintComponent(Ljava/awt/Graphics;)V"
    ]
  },
  {
    "frequency": 1,
    "overriddenMethods": [
      "Ljava/awt/Component.firePropertyChange(Ljava/lang/String;DD)V",
      "Ljava/awt/Component.firePropertyChange(Ljava/lang/String;FF)V",
      "Ljava/awt/Component.firePropertyChange(Ljava/lang/String;JJ)V",
      "Ljava/awt/Component.firePropertyChange(Ljava/lang/String;Ljava/lang/Object;Ljava/lang/Object;)V",
      "Ljava/awt/Component.firePropertyChange(Ljava/lang/String;SS)V",
      "Ljavax/swing/JComponent.firePropertyChange(Ljava/lang/String;II)V",
      "Ljavax/swing/JComponent.firePropertyChange(Ljava/lang/String;ZZ)V",
      "Ljavax/swing/JComponent.repaint(JIIII)V",
      "Ljavax/swing/JComponent.repaint(Ljava/awt/Rectangle;)V",
      "Ljavax/swing/JComponent.revalidate()V"
    ]
  },
  {
    "frequency": 1,
    "overriddenMethods": [
      "Ljava/awt/Component.isEnabled()Z",
      "Ljava/awt/Component.toString()Ljava/lang/String;",
      "Ljavax/swing/JComponent.setEnabled(Z)V",
      "Ljavax/swing/JComponent.setForeground(Ljava/awt/Color;)V"
    ]
  },
  {
    "frequency": 1,
    "overriddenMethods": [
      "Ljavax/swing/JComponent.paint(Ljava/awt/Graphics;)V",
      "Ljavax/swing/JComponent.update(Ljava/awt/Graphics;)V"
    ]
  },
  {
    "frequency": 25,
    "overriddenMethods": [
      "Ljavax/swing/JComponent.paint(Ljava/awt/Graphics;)V"
    ]
  },
  {
    "frequency": 1,
    "overriddenMethods": [
      "Ljavax/swing/JComponent.processKeyBinding(Ljavax/swing/KeyStroke;Ljava/awt/event/KeyEvent;IZ)Z",
      "Ljavax/swing/JComponent.setBackground(Ljava/awt/Color;)V",
      "Ljavax/swing/JComponent.setFont(Ljava/awt/Font;)V",
      "Ljavax/swing/JComponent.setForeground(Ljava/awt/Color;)V",
      "Ljavax/swing/JComponent.setNextFocusableComponent(Ljava/awt/Component;)V"
    ]
  },
  {
    "frequency": 6,
    "overriddenMethods": [
      "Ljavax/swing/JComponent.getPreferredSize()Ljava/awt/Dimension;",
      "Ljavax/swing/JComponent.paintComponent(Ljava/awt/Graphics;)V"
    ]
  },
  {
    "frequency": 5,
    "overriddenMethods": [
      "Ljavax/swing/JComponent.removeNotify()V"
    ]
  },
  {
    "frequency": 1,
    "overriddenMethods": [
      "Ljava/awt/Container.add(Ljava/lang/String;Ljava/awt/Component;)Ljava/awt/Component;"
    ]
  },
  {
    "frequency": 6,
    "overriddenMethods": [
      "Ljavax/swing/JComponent.paint(Ljava/awt/Graphics;)V",
      "Ljavax/swing/JComponent.paintBorder(Ljava/awt/Graphics;)V",
      "Ljavax/swing/JComponent.paintChildren(Ljava/awt/Graphics;)V",
      "Ljavax/swing/JComponent.paintComponent(Ljava/awt/Graphics;)V"
    ]
  },
  {
    "frequency": 3,
    "overriddenMethods": [
      "Ljavax/swing/JComponent.paint(Ljava/awt/Graphics;)V",
      "Ljavax/swing/JComponent.paintComponent(Ljava/awt/Graphics;)V"
    ]
  },
  {
    "frequency": 2,
    "overriddenMethods": [
      "Ljavax/swing/JComponent.getToolTipText(Ljava/awt/event/MouseEvent;)Ljava/lang/String;"
    ]
  },
  {
    "frequency": 1,
    "overriddenMethods": [
      "Ljavax/swing/JComponent.getMaximumSize()Ljava/awt/Dimension;",
      "Ljavax/swing/JComponent.getMinimumSize()Ljava/awt/Dimension;",
      "Ljavax/swing/JComponent.getPreferredSize()Ljava/awt/Dimension;",
      "Ljavax/swing/JComponent.paint(Ljava/awt/Graphics;)V",
      "Ljavax/swing/JComponent.update(Ljava/awt/Graphics;)V"
    ]
  },
  {
    "frequency": 2,
    "overriddenMethods": [
      "Ljavax/swing/JComponent.getPreferredSize()Ljava/awt/Dimension;",
      "Ljavax/swing/JComponent.paint(Ljava/awt/Graphics;)V",
      "Ljavax/swing/JComponent.paintComponent(Ljava/awt/Graphics;)V"
    ]
  }
]