[
  {
    "frequency": 2,
    "overriddenMethods": [
      "Ljavax/swing/JScrollBar.setValue(I)V"
    ]
  },
  {
    "frequency": 1,
    "overriddenMethods": [
      "Ljavax/swing/JComponent.paint(Ljava/awt/Graphics;)V",
      "Ljavax/swing/JComponent.paintBorder(Ljava/awt/Graphics;)V",
      "Ljavax/swing/JComponent.paintChildren(Ljava/awt/Graphics;)V",
      "Ljavax/swing/JComponent.paintComponent(Ljava/awt/Graphics;)V"
    ]
  },
  {
    "frequency": 1,
    "overriddenMethods": [
      "Ljava/awt/Component.isShowing()Z",
      "Ljavax/swing/JComponent.paintChildren(Ljava/awt/Graphics;)V"
    ]
  }
]