[
  {
    "frequency": 6,
    "overriddenMethods": [
      "Lorg/xml/sax/SAXException.getCause()Ljava/lang/Throwable;"
    ]
  },
  {
    "frequency": 68,
    "overriddenMethods": []
  },
  {
    "frequency": 2,
    "overriddenMethods": [
      "Ljava/lang/Throwable.printStackTrace(Ljava/io/PrintStream;)V",
      "Ljava/lang/Throwable.printStackTrace(Ljava/io/PrintWriter;)V",
      "Lorg/xml/sax/SAXException.getMessage()Ljava/lang/String;",
      "Lorg/xml/sax/SAXException.toString()Ljava/lang/String;"
    ]
  },
  {
    "frequency": 1,
    "overriddenMethods": [
      "Ljava/lang/Throwable.printStackTrace()V",
      "Ljava/lang/Throwable.printStackTrace(Ljava/io/PrintStream;)V",
      "Ljava/lang/Throwable.printStackTrace(Ljava/io/PrintWriter;)V"
    ]
  },
  {
    "frequency": 1,
    "overriddenMethods": [
      "Ljava/lang/Throwable.getLocalizedMessage()Ljava/lang/String;",
      "Lorg/xml/sax/SAXException.getMessage()Ljava/lang/String;"
    ]
  },
  {
    "frequency": 1,
    "overriddenMethods": [
      "Ljava/lang/Throwable.printStackTrace(Ljava/io/PrintStream;)V",
      "Ljava/lang/Throwable.printStackTrace(Ljava/io/PrintWriter;)V"
    ]
  },
  {
    "frequency": 4,
    "overriddenMethods": [
      "Ljava/lang/Throwable.printStackTrace()V",
      "Ljava/lang/Throwable.printStackTrace(Ljava/io/PrintStream;)V",
      "Ljava/lang/Throwable.printStackTrace(Ljava/io/PrintWriter;)V",
      "Lorg/xml/sax/SAXException.getMessage()Ljava/lang/String;"
    ]
  },
  {
    "frequency": 1,
    "overriddenMethods": [
      "Lorg/xml/sax/SAXException.getMessage()Ljava/lang/String;"
    ]
  }
]