[
  {
    "frequency": 13,
    "overriddenMethods": []
  },
  {
    "frequency": 1,
    "overriddenMethods": [
      "Lorg/xml/sax/helpers/AttributesImpl.addAttribute(Ljava/lang/String;Ljava/lang/String;Ljava/lang/String;Ljava/lang/String;Ljava/lang/String;)V",
      "Lorg/xml/sax/helpers/AttributesImpl.clear()V",
      "Lorg/xml/sax/helpers/AttributesImpl.removeAttribute(I)V",
      "Lorg/xml/sax/helpers/AttributesImpl.setAttribute(ILjava/lang/String;Ljava/lang/String;Ljava/lang/String;Ljava/lang/String;Ljava/lang/String;)V",
      "Lorg/xml/sax/helpers/AttributesImpl.setAttributes(Lorg/xml/sax/Attributes;)V",
      "Lorg/xml/sax/helpers/AttributesImpl.setQName(ILjava/lang/String;)V"
    ]
  },
  {
    "frequency": 15,
    "overriddenMethods": [
      "Lorg/xml/sax/helpers/AttributesImpl.addAttribute(Ljava/lang/String;Ljava/lang/String;Ljava/lang/String;Ljava/lang/String;Ljava/lang/String;)V"
    ]
  }
]