[
  {
    "frequency": 2,
    "overriddenMethods": [
      "Ljavax/swing/border/AbstractBorder.getBorderInsets(Ljava/awt/Component;)Ljava/awt/Insets;",
      "Ljavax/swing/border/AbstractBorder.getBorderInsets(Ljava/awt/Component;Ljava/awt/Insets;)Ljava/awt/Insets;"
    ]
  },
  {
    "frequency": 12,
    "overriddenMethods": [
      "Ljavax/swing/border/AbstractBorder.getBorderInsets(Ljava/awt/Component;)Ljava/awt/Insets;",
      "Ljavax/swing/border/AbstractBorder.getBorderInsets(Ljava/awt/Component;Ljava/awt/Insets;)Ljava/awt/Insets;",
      "Ljavax/swing/border/AbstractBorder.paintBorder(Ljava/awt/Component;Ljava/awt/Graphics;IIII)V"
    ]
  },
  {
    "frequency": 1,
    "overriddenMethods": [
      "Ljavax/swing/border/AbstractBorder.paintBorder(Ljava/awt/Component;Ljava/awt/Graphics;IIII)V"
    ]
  },
  {
    "frequency": 13,
    "overriddenMethods": [
      "Ljavax/swing/border/AbstractBorder.getBorderInsets(Ljava/awt/Component;)Ljava/awt/Insets;",
      "Ljavax/swing/border/AbstractBorder.paintBorder(Ljava/awt/Component;Ljava/awt/Graphics;IIII)V"
    ]
  },
  {
    "frequency": 1,
    "overriddenMethods": [
      "Ljavax/swing/border/AbstractBorder.getBorderInsets(Ljava/awt/Component;)Ljava/awt/Insets;",
      "Ljavax/swing/border/AbstractBorder.getBorderInsets(Ljava/awt/Component;Ljava/awt/Insets;)Ljava/awt/Insets;",
      "Ljavax/swing/border/AbstractBorder.isBorderOpaque()Z",
      "Ljavax/swing/border/AbstractBorder.paintBorder(Ljava/awt/Component;Ljava/awt/Graphics;IIII)V"
    ]
  },
  {
    "frequency": 1,
    "overriddenMethods": [
      "Ljavax/swing/border/AbstractBorder.getBorderInsets(Ljava/awt/Component;Ljava/awt/Insets;)Ljava/awt/Insets;",
      "Ljavax/swing/border/AbstractBorder.paintBorder(Ljava/awt/Component;Ljava/awt/Graphics;IIII)V"
    ]
  },
  {
    "frequency": 2,
    "overriddenMethods": [
      "Ljavax/swing/border/AbstractBorder.getBorderInsets(Ljava/awt/Component;)Ljava/awt/Insets;",
      "Ljavax/swing/border/AbstractBorder.isBorderOpaque()Z",
      "Ljavax/swing/border/AbstractBorder.paintBorder(Ljava/awt/Component;Ljava/awt/Graphics;IIII)V"
    ]
  }
]