[
  {
    "frequency": 1,
    "overriddenMethods": [
      "Ljava/security/MessageDigest.digest()[B",
      "Ljava/security/MessageDigestSpi.engineDigest()[B",
      "Ljava/security/MessageDigestSpi.engineReset()V",
      "Ljava/security/MessageDigestSpi.engineUpdate(B)V",
      "Ljava/security/MessageDigestSpi.engineUpdate([BII)V"
    ]
  },
  {
    "frequency": 4,
    "overriddenMethods": [
      "Ljava/security/MessageDigestSpi.engineDigest()[B",
      "Ljava/security/MessageDigestSpi.engineReset()V",
      "Ljava/security/MessageDigestSpi.engineUpdate(B)V",
      "Ljava/security/MessageDigestSpi.engineUpdate([BII)V"
    ]
  },
  {
    "frequency": 2,
    "overriddenMethods": [
      "Ljava/security/MessageDigestSpi.engineDigest()[B",
      "Ljava/security/MessageDigestSpi.engineGetDigestLength()I",
      "Ljava/security/MessageDigestSpi.engineReset()V",
      "Ljava/security/MessageDigestSpi.engineUpdate(B)V",
      "Ljava/security/MessageDigestSpi.engineUpdate([BII)V"
    ]
  }
]