[
  {
    "frequency": 2,
    "overriddenMethods": []
  },
  {
    "frequency": 4,
    "overriddenMethods": [
      "Ljavax/net/ssl/X509ExtendedKeyManager.chooseEngineClientAlias([Ljava/lang/String;[Ljava/security/Principal;Ljavax/net/ssl/SSLEngine;)Ljava/lang/String;",
      "Ljavax/net/ssl/X509ExtendedKeyManager.chooseEngineServerAlias(Ljava/lang/String;[Ljava/security/Principal;Ljavax/net/ssl/SSLEngine;)Ljava/lang/String;"
    ]
  },
  {
    "frequency": 1,
    "overriddenMethods": [
      "Ljavax/net/ssl/X509ExtendedKeyManager.chooseEngineServerAlias(Ljava/lang/String;[Ljava/security/Principal;Ljavax/net/ssl/SSLEngine;)Ljava/lang/String;"
    ]
  }
]