[
  {
    "frequency": 1,
    "overriddenMethods": []
  },
  {
    "frequency": 1,
    "overriddenMethods": [
      "Ljavax/swing/table/DefaultTableModel.getColumnCount()I",
      "Ljavax/swing/table/DefaultTableModel.isCellEditable(II)Z"
    ]
  },
  {
    "frequency": 1,
    "overriddenMethods": [
      "Ljavax/swing/table/AbstractTableModel.getColumnClass(I)Ljava/lang/Class;"
    ]
  },
  {
    "frequency": 6,
    "overriddenMethods": [
      "Ljavax/swing/table/AbstractTableModel.getColumnClass(I)Ljava/lang/Class;",
      "Ljavax/swing/table/DefaultTableModel.isCellEditable(II)Z"
    ]
  },
  {
    "frequency": 1,
    "overriddenMethods": [
      "Ljavax/swing/table/AbstractTableModel.getColumnClass(I)Ljava/lang/Class;",
      "Ljavax/swing/table/DefaultTableModel.getColumnCount()I",
      "Ljavax/swing/table/DefaultTableModel.getColumnName(I)Ljava/lang/String;",
      "Ljavax/swing/table/DefaultTableModel.getRowCount()I",
      "Ljavax/swing/table/DefaultTableModel.getValueAt(II)Ljava/lang/Object;",
      "Ljavax/swing/table/DefaultTableModel.isCellEditable(II)Z",
      "Ljavax/swing/table/DefaultTableModel.setValueAt(Ljava/lang/Object;II)V"
    ]
  },
  {
    "frequency": 3,
    "overriddenMethods": [
      "Ljavax/swing/table/DefaultTableModel.getColumnName(I)Ljava/lang/String;"
    ]
  },
  {
    "frequency": 1,
    "overriddenMethods": [
      "Ljavax/swing/table/DefaultTableModel.setValueAt(Ljava/lang/Object;II)V"
    ]
  },
  {
    "frequency": 23,
    "overriddenMethods": [
      "Ljavax/swing/table/DefaultTableModel.isCellEditable(II)Z"
    ]
  }
]